,Lon,Lat,City nbr,City,wind,temp,humidity,clouds
0,173.95621687270926,63.883127888908746,0.0,anadyr,11.18,-16.61,75.0,0.0
1,-138.69395275043428,16.650616573545705,1.0,hilo,6.93,66.0,53.0,90.0
2,34.773122705335,-69.35995723339613,2.0,port elizabeth,13.87,44.29,33.0,1.0
3,-151.12046453638936,-70.28613248275448,3.0,mataura,4.38,65.63,72.0,12.0
5,-59.43441906334709,58.12057478865637,5.0,saint-augustin,9.17,54.39,82.0,0.0
6,-136.0298140288422,65.84870862285561,6.0,mayo,4.7,24.8,68.0,75.0
7,-124.77226474473564,-72.81385396696638,7.0,rikitea,20.49,81.2,98.0,92.0
8,13.703427200538357,35.81748106240684,8.0,san lawrenz,4.7,59.0,93.0,0.0
9,83.21670075292377,-16.79257388654449,9.0,hithadhoo,12.66,84.35,99.0,92.0
11,73.27172993596344,-64.53820463884445,11.0,saint-philippe,10.29,32.49,95.0,90.0
13,177.7918990044929,-60.08425862260567,13.0,kaitangata,4.16,63.92,73.0,32.0
14,-13.096889364535997,9.825900113418072,14.0,coyah,6.93,80.6,74.0,75.0
15,135.2409479855209,-21.72638717404479,15.0,alice springs,6.93,71.6,83.0,90.0
16,-89.22063682746756,6.997121062092006,16.0,santa cruz,5.82,57.0,82.0,90.0
17,137.03927596328094,-49.78250787256282,17.0,new norfolk,11.41,66.2,68.0,20.0
18,128.25218135217773,50.52461098958884,18.0,srednebelaya,6.71,5.0,54.0,0.0
19,-129.56719006317815,43.416820697499475,19.0,north bend,3.36,56.3,58.0,1.0
20,-74.93377143579269,74.6981127960704,20.0,qaanaaq,11.43,-16.64,96.0,44.0
21,-109.07550504820401,86.1516553499491,21.0,yellowknife,9.17,23.0,57.0,20.0
22,102.46010504344082,14.096325815917183,22.0,soeng sang,9.17,68.0,77.0,8.0
24,91.54520139384317,-7.354049571438907,24.0,padang,11.99,82.55,100.0,36.0
27,46.295391126421976,-56.683520113450804,27.0,east london,14.23,70.94,100.0,88.0
28,-169.32552583616686,-74.98170492786556,28.0,vaini,2.93,64.5,74.0,0.0
29,4.762460925663817,-68.27110496108162,29.0,hermanus,2.59,52.67,94.0,24.0
31,145.69302166129984,-79.9389352865637,31.0,hobart,11.41,66.2,68.0,20.0
32,-103.58092817397903,10.565523025029421,32.0,san jeronimo,2.15,48.26,85.0,12.0
33,-115.91368733875129,-80.76433163734421,33.0,punta arenas,9.17,55.4,62.0,75.0
35,10.83278506243471,-39.91649938232114,35.0,cape town,4.7,64.4,68.0,0.0
36,86.17164313926367,9.292266947925782,36.0,batticaloa,9.98,80.93,99.0,92.0
38,-150.60034774651342,-20.31765276554698,38.0,moerai,7.4,78.77,100.0,64.0
39,-53.93767733098605,-89.27862104687553,39.0,ushuaia,5.82,50.0,61.0,75.0
42,93.10431694686656,-41.790117150289085,42.0,busselton,23.85,65.36,100.0,12.0
45,177.78282013606008,-21.44500566797288,45.0,isangel,3.71,78.77,100.0,100.0
46,98.8422219555867,-31.807799347186823,46.0,geraldton,3.36,24.8,45.0,20.0
48,25.726832341492837,-2.5847130934677693,48.0,kindu,3.38,72.02,92.0,80.0
50,44.4175183812238,-85.10138711211818,50.0,port alfred,3.94,69.0,90.0,92.0
53,-96.46290627370158,79.90638149092729,53.0,thompson,6.93,24.8,79.0,90.0
54,-146.02237498796998,37.771713999418665,54.0,kahului,23.04,71.51,64.0,75.0
55,-114.43354144012197,20.81979929731405,55.0,todos santos,7.74,72.38,83.0,0.0
56,-8.28831107098378,-8.108842502557565,56.0,georgetown,4.7,75.2,94.0,75.0
57,-69.64789053196652,-41.030412140732416,57.0,san carlos de bariloche,21.92,51.8,50.0,40.0
58,13.213229238927,57.63721084058756,58.0,boras,9.17,23.83,85.0,90.0
59,-166.92351518083103,10.338549493736451,59.0,kapaa,23.04,71.42,56.0,90.0
60,-32.5352947922936,41.742655854881576,60.0,ribeira grande,7.18,56.9,100.0,92.0
65,-100.11811997206263,2.0412083423575496,65.0,puerto ayora,14.99,84.2,70.0,20.0
67,-83.24999937687059,-12.392111692162032,67.0,huarmey,3.15,70.49,63.0,24.0
68,147.3485519805214,-14.613457122966736,68.0,cairns,14.99,78.8,78.0,20.0
71,-146.56744221534834,47.77484717434373,71.0,kodiak,8.05,53.6,46.0,90.0
73,153.284593994467,-29.83710228848063,73.0,grafton,6.17,70.76,87.0,92.0
76,-123.97657635029452,77.68258544664963,76.0,tuktoyaktuk,13.87,-7.1,69.0,75.0
77,22.723106104420708,-20.586793077195352,77.0,sehithwa,3.15,68.24,94.0,56.0
81,144.00071841347602,80.55265816769182,81.0,chokurdakh,3.38,-28.61,47.0,36.0
83,154.43758041459813,-12.679974890842558,83.0,samarai,12.77,81.15,100.0,88.0
85,82.49195014681999,-29.971006715342845,85.0,bambous virieux,9.17,78.8,94.0,75.0
86,-1.801997339897241,-26.98156175067983,86.0,jamestown,4.16,77.15,69.0,0.0
87,13.95386770004339,0.5620202742129692,87.0,makokou,4.61,76.7,85.0,48.0
88,-162.86232870337943,-23.825864935891033,88.0,avarua,10.29,86.0,74.0,40.0
89,138.09446126156377,69.17283470352425,89.0,deputatskiy,2.93,-34.64,60.0,0.0
90,86.10106318931696,13.526244032415235,90.0,yarada,1.25,80.66,100.0,36.0
91,110.57327943363322,2.2448849512856697,91.0,kuching,2.24,75.2,100.0,75.0
92,167.2758552658188,-82.39439948913157,92.0,bluff,15.46,80.39,47.0,8.0
95,35.55736302072049,-25.799023710437766,95.0,inhambane,6.62,74.27,100.0,68.0
96,114.89659768175858,53.54823753283071,96.0,verkh-usugli,4.94,3.39,74.0,0.0
97,-94.6573670234714,36.314508268264404,97.0,siloam springs,6.93,69.78,49.0,1.0
99,104.00046653814121,-75.03951339979315,99.0,albany,17.22,33.78,59.0,75.0
101,122.99753747354652,59.28224971174936,101.0,aldan,3.71,-5.12,64.0,20.0
102,-119.3678513052898,76.06917968066821,102.0,norman wells,3.36,12.2,61.0,40.0
103,-68.68260740023238,2.4439355219068233,103.0,inirida,2.15,80.03,83.0,12.0
104,54.01454291886333,41.02748610561372,104.0,balkanabat,1.25,35.7,85.0,48.0
106,2.5688309898396824,10.14368404422332,106.0,bembereke,10.2,78.9,61.0,0.0
108,24.282287900388667,-86.6435123685985,108.0,bredasdorp,2.24,68.0,72.0,32.0
110,-163.66382403519748,64.34633166021777,110.0,nome,6.93,75.67,73.0,90.0
111,-1.7015968098476435,45.18630837882432,111.0,arcachon,9.17,54.55,81.0,0.0
113,-40.16470409255675,-4.94393217846644,113.0,tamboril,6.96,75.71,82.0,76.0
118,-32.41977539936343,-59.16552062026065,118.0,mar del plata,15.01,64.82,46.0,12.0
121,-25.79904034530213,-31.13820751504764,121.0,sao joao da barra,6.93,78.8,83.0,0.0
123,-110.06202587754136,52.22869469064469,123.0,macklin,5.17,24.05,90.0,0.0
125,21.75646146009103,10.082211088819761,125.0,birao,4.61,67.79,34.0,0.0
126,-101.2337467069275,5.083650670617672,126.0,puerto escondido,11.41,82.4,74.0,20.0
127,30.575168463689863,-26.271436317435487,127.0,mhlambanyatsi,2.15,59.15,92.0,0.0
129,-23.021278580111954,39.44295395933631,129.0,vila franca do campo,19.46,57.2,71.0,40.0
131,-89.0546533740515,0.7608154083806227,131.0,puerto baquerizo moreno,13.87,82.4,74.0,75.0
132,-49.33970239186564,27.379493728926533,132.0,codrington,6.96,67.52,98.0,92.0
137,-137.17949817521168,60.0228414501924,137.0,haines junction,2.48,23.78,85.0,88.0
139,49.708355848947065,24.630972593152038,139.0,abu samrah,6.96,48.3,91.0,0.0
141,6.246996229531305,5.610371520934223,141.0,ughelli,6.73,78.54,89.0,24.0
142,-87.46222971720074,19.373570160943572,142.0,felipe carrillo puerto,5.73,80.03,68.0,44.0
145,-43.248178222216495,68.14141438287578,145.0,tasiilaq,26.4,30.2,68.0,44.0
146,131.8651383705864,61.62175682510011,146.0,churapcha,3.15,-17.18,49.0,0.0
147,-15.886922862755085,39.77530987719456,147.0,colares,20.8,56.44,82.0,40.0
148,22.775640821039644,13.881208425037016,148.0,adre,11.21,69.99,20.0,8.0
149,-50.62578275845277,44.33551403988233,149.0,torbay,2.24,32.31,100.0,90.0
151,66.4008979090587,7.363067850984848,151.0,kulhudhuffushi,7.63,83.45,100.0,0.0
153,119.11795545005748,45.21073555679146,153.0,chifeng,2.59,18.92,76.0,0.0
155,0.7659914971740136,63.29936852165997,155.0,brae,10.29,40.23,80.0,88.0
160,-130.1114148463998,28.75005105928861,160.0,lompoc,6.93,56.34,100.0,90.0
163,-42.69358149223976,3.710767031637829,163.0,carutapera,7.29,79.04,91.0,76.0
165,26.19994271489267,35.295588366403805,165.0,palaikastron,7.85,59.6,100.0,0.0
168,-153.63449028849598,69.84624632615518,168.0,barrow,13.0,60.05,99.0,92.0
171,-45.437109359113265,69.82389550439092,171.0,ilulissat,11.41,3.2,41.0,76.0
172,128.23508829667804,89.40563809312494,172.0,tiksi,1.36,-25.55,38.0,24.0
174,141.78805945505832,5.076516271496558,174.0,airai,1.7,71.03,95.0,92.0
177,120.97790979345922,-22.27671498565182,177.0,port hedland,8.05,80.6,74.0,40.0
180,97.31390949715495,70.36612357473314,180.0,khatanga,3.15,-27.53,43.0,36.0
183,-154.87264057895672,-0.163593681784306,183.0,faanui,10.2,82.01,100.0,32.0
184,33.51560811733498,40.76767825427606,184.0,tosya,2.82,31.02,86.0,36.0
188,59.33650937947519,63.10360165052123,188.0,vuktyl,2.71,-5.61,84.0,36.0
189,61.44596094408817,2.22835470290066,189.0,victoria,6.93,79.84,94.0,75.0
192,133.02570095885,-9.011449409415007,192.0,maningrida,5.61,83.94,92.0,0.0
193,130.17616827233093,28.302028460329495,193.0,naze,1.25,77.0,94.0,40.0
194,-64.74996519632802,19.43467501438424,194.0,road town,12.75,79.59,69.0,40.0
195,126.66494324742462,53.27230900782911,195.0,tygda,2.93,1.55,68.0,0.0
198,66.82277953775346,1.4640051453928464,198.0,thinadhoo,13.44,84.53,99.0,88.0
200,23.21612223536144,-28.690690577558563,200.0,danielskuil,4.72,61.31,50.0,76.0
201,-94.10886292667593,-42.779670140309285,201.0,castro,10.09,54.6,100.0,92.0
202,58.117290137699825,61.306927733294145,202.0,krasnovishersk,3.15,-11.01,55.0,0.0
207,6.128337769290567,-29.15753422502047,207.0,luderitz,2.24,64.4,82.0,0.0
209,-161.85392867311506,51.95943621622342,209.0,bethel,10.29,8.6,78.0,90.0
216,-140.63276858135652,78.6459372075665,216.0,aklavik,3.36,-3.64,64.0,90.0
219,155.6702681634501,26.599816658604254,219.0,hasaki,8.05,38.1,80.0,75.0
224,-103.10190841535699,52.37257031263857,224.0,kelvington,8.08,17.12,85.0,8.0
225,172.89561074125783,50.15759598817087,225.0,nikolskoye,4.47,28.4,86.0,90.0
228,38.0837864468146,-38.848117994880894,228.0,margate,11.41,66.2,68.0,20.0
230,106.33738728665628,54.01265708195237,230.0,kachug,2.04,11.18,70.0,92.0
234,114.19002507519241,20.649469443763564,234.0,zhuhai,8.95,30.2,39.0,0.0
241,117.2081518119013,38.29817320762615,241.0,cangzhou,8.52,32.51,85.0,0.0
243,-84.9423371575442,-5.360181576154389,243.0,talara,9.98,79.76,62.0,0.0
246,155.29747284936008,71.8554033321777,246.0,srednekolymsk,4.72,-18.17,53.0,32.0
248,-14.131099110088314,41.364873594437256,248.0,peniche,20.8,54.36,82.0,40.0
250,-48.57037048656943,-32.46342522997777,250.0,cidreira,8.41,75.62,83.0,0.0
252,-153.71730677766587,59.92924432302388,252.0,homer,6.29,32.92,91.0,90.0
254,-127.63501188499346,-13.349196414610773,254.0,atuona,16.24,80.57,100.0,44.0
255,16.14747395014541,31.525836283852314,255.0,surt,9.98,58.16,100.0,0.0
256,-114.73231837628397,7.397419084377333,256.0,san patricio,4.27,83.63,66.0,20.0
257,87.68208591577502,23.357700237728764,257.0,guskhara,2.82,58.88,68.0,0.0
258,37.58833406468324,-14.0878426112495,258.0,cuamba,3.38,69.32,97.0,80.0
264,8.860990779218952,21.945338926161384,264.0,gat,13.22,77.19,40.0,0.0
265,77.25803860471723,-44.83072199070283,265.0,mahebourg,9.17,78.8,94.0,75.0
266,-57.55310095822125,12.113032706580398,266.0,oistins,25.28,78.8,78.0,75.0
270,-46.01500758912971,-31.726000074415204,270.0,laguna,8.05,86.0,17.0,20.0
272,-148.55513929217207,60.09113388247732,272.0,palmer,9.17,71.6,64.0,20.0
273,-98.70670649274626,45.57584646978776,273.0,aberdeen,16.11,32.0,91.0,90.0
276,72.7682178290483,54.56498588957683,276.0,azovo,2.24,-5.81,76.0,75.0
279,9.63202385139573,51.676562035761975,279.0,uslar,4.7,50.0,93.0,44.0
282,22.681010226911866,-13.868791514586434,282.0,zambezi,2.93,65.22,94.0,12.0
283,26.61338063737955,80.67796241696726,283.0,honningsvag,7.63,17.7,100.0,56.0
284,-64.9914489281074,-1.6081515718527584,284.0,maraa,7.4,80.25,84.0,8.0
286,-162.05100846936804,13.808143227953096,286.0,makakilo city,17.22,76.19,56.0,75.0
288,-45.27626642208244,61.082787669882634,288.0,qaqortoq,16.11,28.4,16.0,40.0
291,149.1301315420357,40.21469690906281,291.0,nemuro,8.63,25.44,100.0,8.0
293,136.16552231023337,-29.742033062578116,293.0,port augusta,13.87,71.6,88.0,0.0
294,-121.0238875364569,24.816078996422007,294.0,san quintin,6.4,68.0,72.0,20.0
295,-67.84325151951566,-43.376563814603855,295.0,comodoro rivadavia,12.75,73.4,35.0,40.0
299,160.86719981435408,10.558251024403688,299.0,butaritari,13.22,82.64,100.0,68.0
301,81.11289997344596,80.96923470006979,301.0,dikson,14.79,-7.95,96.0,44.0
302,133.82613812781676,50.28592374547355,302.0,chegdomyn,2.71,-1.43,65.0,0.0
303,-55.24632358139277,9.145710131324662,303.0,nieuw amsterdam,8.05,81.39,74.0,20.0
306,36.13757124215459,89.81250471784642,306.0,vardo,10.29,46.13,28.0,1.0
307,174.12263562258295,-50.08658175276135,307.0,dunedin,3.83,63.69,79.0,8.0
308,-42.61285169880918,-11.68811619247775,308.0,ibipeba,5.73,70.62,88.0,44.0
310,-66.65022176432865,28.360319186792623,310.0,hamilton,12.75,64.4,55.0,75.0
311,2.1648792552984446,-8.07237573806394,311.0,gamba,1.14,-6.2,56.0,0.0
313,-99.6780622206921,-28.364943179692133,313.0,lebu,0.69,39.39,48.0,0.0
314,164.65821221133223,-18.594322335070387,314.0,poum,1.81,28.82,86.0,0.0
318,-112.49076317139601,33.91921190899507,318.0,sun city west,8.05,70.63,55.0,20.0
320,23.39008485210161,16.818667452107675,320.0,kutum,10.98,63.15,21.0,0.0
323,53.80858593344186,22.35246368507201,323.0,abu dhabi,6.93,75.2,27.0,0.0
324,56.52467889554626,28.956084942813476,324.0,baft,5.28,34.31,58.0,0.0
325,-34.828054527520635,-14.58701501107197,325.0,conde,10.2,79.58,89.0,0.0
326,-49.56091625206167,62.433520800670436,326.0,paamiut,13.78,23.55,100.0,0.0
327,24.154920914833156,-30.16781948860738,327.0,de aar,12.55,68.06,34.0,92.0
328,31.955804441673678,-30.71889108752017,328.0,durban,4.7,52.41,100.0,90.0
332,146.46511188302765,54.24275839372572,332.0,ekhabi,8.97,1.37,81.0,0.0
333,63.96988017585838,24.95427786369578,333.0,pasni,6.4,70.13,100.0,0.0
340,-12.839588043166088,75.11753305328929,340.0,husavik,3.27,24.09,95.0,92.0
341,66.95475152381897,-14.27924592496717,341.0,grand gaube,9.17,78.8,94.0,75.0
343,-58.18476910545425,-28.84971845428631,343.0,mercedes,4.72,79.44,51.0,32.0
344,-55.41106042107404,40.86597954774945,344.0,saint-pierre,11.41,55.6,87.0,92.0
345,-175.2652335030945,66.26019339101379,345.0,provideniya,6.4,3.57,100.0,32.0
347,-39.77664709614618,23.235882683338176,347.0,ponta do sol,3.38,67.43,99.0,44.0
348,168.6205563389367,-40.64779865342991,348.0,hokitika,3.04,61.94,100.0,88.0
349,158.1516304852617,-39.169411684883194,349.0,ulladulla,11.41,66.2,68.0,0.0
351,125.0621917610195,-10.534850920365116,351.0,soe,4.7,33.8,89.0,88.0
352,-71.6936390730947,39.55243860540784,352.0,mastic beach,10.29,38.7,47.0,90.0
353,43.62600959188339,59.529087865635375,353.0,imeni babushkina,9.31,-0.48,66.0,32.0
356,128.3374951401862,-15.306272738530538,356.0,kununurra,4.38,77.0,94.0,0.0
363,52.240017651008884,36.99041284891588,363.0,fereydun kenar,4.7,42.8,93.0,0.0
364,127.67606875975144,22.083503150527704,364.0,hirara,4.7,57.2,76.0,75.0
368,159.32890438805515,82.74074861800997,368.0,cherskiy,4.94,-9.93,70.0,24.0
369,93.06343498731167,14.120101377942632,369.0,port blair,14.0,83.49,100.0,20.0
370,-28.8092460972382,-21.427835019597694,370.0,caravelas,20.27,81.87,99.0,24.0
372,-143.04708844665964,70.18193301113888,372.0,fairbanks,0.92,22.98,73.0,1.0
375,22.986416064767553,48.9560045198219,375.0,turka,6.73,33.09,97.0,20.0
376,-39.60602984348833,51.36726526241998,376.0,nanortalik,2.26,21.84,100.0,0.0
379,51.7338326677594,47.81679591211659,379.0,atyrau,13.42,24.8,73.0,90.0
384,-4.571609391614942,28.499517158943647,384.0,adrar,6.93,75.2,8.0,0.0
387,43.30389327605636,47.578529607010694,387.0,kotelnikovo,5.17,27.6,96.0,76.0
390,48.07284811617319,57.32196050209879,390.0,yaransk,3.38,-10.65,73.0,0.0
392,123.46894157937652,62.740185972944914,392.0,kysyl-syr,4.05,-13.53,62.0,48.0
394,107.3087963113095,50.87334941123348,394.0,bichura,2.15,11.85,67.0,88.0
396,-66.09834146590184,4.911227101234161,396.0,puerto ayacucho,4.7,95.0,41.0,40.0
398,-2.016374148713709,55.825065951066534,398.0,eyemouth,2.24,41.0,100.0,64.0
399,122.01038950287932,66.92599391130369,399.0,zhigansk,2.37,-12.9,81.0,64.0
400,-88.58937749979202,24.519285058811178,400.0,panaba,7.96,82.32,59.0,36.0
403,48.18482841363772,-0.5681220643468805,403.0,mogadishu,19.6,80.7,100.0,36.0
404,12.585634416236786,17.576422362596574,404.0,bilma,3.71,63.11,22.0,0.0
408,110.69990056762913,74.93877900475039,408.0,saskylakh,4.61,-27.17,42.0,24.0
409,-108.84600225719456,30.09295268245056,409.0,nacozari,6.62,82.95,28.0,0.0
413,-43.450714570359,-4.030766835139147,413.0,chapadinha,7.18,76.92,86.0,56.0
414,166.88326495864322,33.81068663186139,414.0,severo-kurilsk,16.8,26.97,100.0,80.0
419,18.175897127482557,-4.318130474024656,419.0,bulungu,3.04,74.0,79.0,64.0
421,133.39015506498572,18.899939959661737,421.0,nishihara,3.36,42.8,60.0,90.0
428,161.67493042445165,-23.558148231728524,428.0,koumac,5.84,80.3,77.0,44.0
430,-0.1279115815037244,36.704651506040264,430.0,sidi ali,6.4,57.44,95.0,64.0
433,145.40329587937936,67.88331523245913,433.0,belaya gora,2.48,-27.89,44.0,36.0
435,-80.16353219366565,11.863321301607073,435.0,san andres,25.75,75.62,100.0,100.0
438,-68.31427143477511,64.07653260731553,438.0,iqaluit,4.7,14.0,85.0,90.0
439,85.85592854846362,68.4586340916623,439.0,dudinka,9.98,-17.85,78.0,56.0
442,168.4880982396371,68.26716958772255,442.0,bilibino,3.15,-18.53,51.0,12.0
445,-53.6605130775834,46.677670005853344,445.0,bay roberts,2.24,32.09,100.0,90.0
446,151.26103020358158,24.338090512818425,446.0,katsuura,6.93,37.4,74.0,20.0
447,37.59044076021635,47.4864880374536,447.0,volnovakha,2.15,29.18,95.0,88.0
451,-128.823335217375,41.35764281032195,451.0,eureka,9.17,56.44,93.0,75.0
452,17.253142847288387,66.33847460123633,452.0,straumen,5.82,28.4,92.0,75.0
461,34.11378460422682,22.4999829007146,461.0,aswan,8.05,71.6,19.0,0.0
465,-87.70763831870886,-41.959531305892405,465.0,ancud,11.54,55.1,98.0,92.0
466,91.31991910963308,-29.30771774235466,466.0,carnarvon,5.39,52.62,52.0,0.0
467,26.040427034853394,82.2826452490219,467.0,longyearbyen,12.75,5.0,54.0,0.0
470,102.91702619686652,31.616287597532022,470.0,tianpeng,8.75,54.02,79.0,12.0
473,97.63160874683206,11.043507494665448,473.0,ranong,10.76,82.1,100.0,64.0
476,167.3599172801969,-32.6806561814066,476.0,ahipara,16.46,71.25,75.0,92.0
478,87.15711038769678,33.94492250775697,478.0,lasa,6.93,54.14,93.0,20.0
479,35.61672482429981,67.87123529108132,479.0,lovozero,2.71,4.79,59.0,48.0
484,-85.97684641815663,37.9879968119328,484.0,radcliff,8.05,47.37,70.0,40.0
486,-38.35283206396679,-29.737160836456326,486.0,arraial do cabo,10.09,74.0,100.0,92.0
487,131.41329818282549,69.83648792570273,487.0,batagay-alyta,2.71,-24.78,34.0,24.0
490,48.91635472695489,5.006230532397851,490.0,hobyo,12.88,76.29,89.0,88.0
491,48.90114464825811,67.01200533663754,491.0,koslan,3.38,-3.36,76.0,8.0
493,106.17638571166157,49.15483338190077,493.0,suhbaatar,2.71,12.44,67.0,68.0
494,19.317463507367904,18.269308302722777,494.0,faya,2.71,59.94,82.0,0.0
499,-69.21308187539017,73.20699190664752,499.0,clyde river,13.87,-7.61,83.0,90.0
506,-11.128903869229589,41.0613753410951,506.0,areosa,24.16,50.9,87.0,75.0
507,26.7816374435034,20.783869164554645,507.0,marawi,1.03,73.82,84.0,20.0
508,105.60198594340432,14.571834133778836,508.0,champasak,2.71,68.42,80.0,0.0
509,116.57606693146988,35.45200467008151,509.0,jining,3.15,50.64,84.0,12.0
511,121.3504426375901,54.65443979764794,511.0,yerofey pavlovich,2.37,-4.98,51.0,0.0
513,-91.67460117575496,55.28816291302036,513.0,sioux lookout,3.36,31.3,36.0,40.0
520,-74.16685807402658,37.33378294703617,520.0,salisbury,5.82,43.11,100.0,0.0
530,28.135045840973646,48.60212786380083,530.0,mazurivka,4.47,35.6,75.0,0.0
533,32.68235669691563,40.30898755399704,533.0,cubuk,2.59,37.4,86.0,0.0
541,-72.96245190870451,32.69615785354368,541.0,havelock,17.22,60.87,58.0,1.0
542,-24.100473125278484,17.57533386748341,542.0,ribeira brava,3.36,59.0,72.0,20.0
547,18.269876859356174,-10.471539050166655,547.0,camacupa,8.97,62.7,57.0,20.0
553,-106.79774269798017,27.723071491329947,553.0,valentin gomez farias,6.93,80.6,13.0,40.0
557,-25.920329299817723,26.67914822240141,557.0,los llanos de aridane,6.93,64.4,68.0,0.0
566,147.90975285159516,53.50063332798871,566.0,vostok,2.93,12.44,70.0,68.0
567,-14.888203967935198,6.000967117349958,567.0,bonthe,4.61,77.06,91.0,0.0
568,117.38596776022348,16.974583545406887,568.0,catuday,11.99,76.02,94.0,0.0
570,-30.194018974010334,47.780749691785275,570.0,lagoa,19.46,57.2,76.0,75.0
572,8.876385717649185,-25.583022147312377,572.0,walvis bay,2.24,59.0,87.0,0.0
573,26.310266891569995,-30.69839441078374,573.0,burgersdorp,2.59,48.17,74.0,88.0
575,49.08125337969631,10.009869424674633,575.0,bosaso,3.71,73.5,100.0,8.0
580,104.16043639874317,2.3116114258451006,580.0,mersing,10.98,77.06,100.0,80.0
584,157.49379678439107,-53.08084094675015,584.0,tuatapere,13.44,63.11,85.0,12.0
585,-98.97233238350707,22.238903473833005,585.0,ciudad valles,5.95,88.44,42.0,0.0
586,-110.62835529151602,17.629142454614865,586.0,cabo san lucas,5.39,73.82,94.0,0.0
588,179.05388513148205,57.495365024126016,588.0,beringovskiy,10.31,-3.5,100.0,80.0
589,116.095463233325,63.837518215745035,589.0,almaznyy,3.6,26.3,90.0,76.0
591,-60.69461196295201,-42.37777174379429,591.0,viedma,3.15,51.14,100.0,32.0
593,-68.15037290602464,-12.553230447744767,593.0,puerto maldonado,3.36,77.0,94.0,75.0
597,177.5722858731836,-41.347414961190196,597.0,otane,3.71,59.51,90.0,12.0
601,-89.80127942327778,14.63407221311391,601.0,san pedro pinula,2.15,80.03,31.0,0.0
604,148.48087159134525,-7.835671695660224,604.0,popondetta,0.36,77.1,83.0,76.0
605,25.079515955845807,4.8235821710566,605.0,zemio,5.95,71.7,83.0,8.0
620,-55.262453524261474,-33.15629548711304,620.0,treinta y tres,0.92,71.75,73.0,0.0
625,99.71708250989059,42.00033606269241,625.0,jiuquan,3.27,18.87,57.0,0.0
627,-129.38421816915627,48.58589593691656,627.0,port hardy,6.93,50.0,61.0,20.0
630,128.43172323625134,9.35862754304415,630.0,bacolod,11.32,79.85,75.0,48.0
632,15.966138173267552,13.332458678157764,632.0,massakory,4.05,67.97,38.0,0.0
635,2.378530208001422,4.015639983975234,635.0,anloga,11.41,82.4,83.0,20.0
637,27.737688895734607,-60.969003631233136,637.0,kruisfontein,2.04,60.14,87.0,24.0
641,170.65727897429872,-16.509006705673798,641.0,vila,4.7,44.44,100.0,75.0
643,59.41828987071142,65.23628121795659,643.0,inta,0.58,-1.65,82.0,64.0
647,-54.40472179375638,32.61016421285758,647.0,saint george,4.7,42.8,87.0,0.0
649,116.1207734760061,-3.9873044985463224,649.0,martapura,1.48,77.55,100.0,68.0
650,53.52453470958733,-12.371293788133997,650.0,sambava,14.45,79.22,100.0,80.0
651,33.9224916964138,39.90922027491524,651.0,keskin,2.48,29.09,75.0,32.0
653,-66.22364030620149,68.14829190428975,653.0,pangnirtung,1.92,-3.5,63.0,0.0
657,124.56525581810382,-42.04139856522824,657.0,esperance,13.87,80.6,65.0,20.0
662,-86.16846841143496,34.73716947478218,662.0,scottsboro,2.59,55.15,100.0,90.0
666,66.62007793593386,12.10230879416872,666.0,kavaratti,9.19,84.08,100.0,0.0
678,143.78810471460753,37.758480992144996,678.0,kamaishi,4.7,28.4,79.0,20.0
683,-28.282912143707165,53.44348537945507,683.0,grindavik,20.8,27.68,63.0,0.0
689,176.24566877693763,-46.324891691816205,689.0,christchurch,14.99,64.4,63.0,0.0
691,-8.14447093338805,9.207306449325117,691.0,odienne,10.76,80.57,61.0,0.0
692,37.82936549110883,13.203614070787467,692.0,dabat,1.48,55.82,49.0,36.0
693,57.052744743116506,23.614056704323588,693.0,nizwa,3.83,54.02,73.0,0.0
696,-74.91461369881722,19.97144994849492,696.0,guantanamo,11.41,82.4,78.0,75.0
702,-117.81552180165261,32.51939239568607,702.0,coronado,12.75,89.6,59.0,40.0
705,41.41198376541405,-26.458860746637512,705.0,ampanihy,7.4,74.36,65.0,0.0
706,-84.77698713333922,8.37230428862928,706.0,quepos,20.8,79.77,57.0,20.0
716,146.72581742229124,-1.2398067036298386,716.0,lorengau,10.76,83.36,99.0,68.0
717,-168.11988415732833,70.46515951386235,717.0,lavrentiya,8.52,3.17,100.0,12.0
718,-49.48689645702717,-20.776805445798473,718.0,mirassol,1.48,73.32,96.0,76.0
720,174.54781169172247,68.37797512523971,720.0,komsomolskiy,3.38,-15.96,47.0,36.0
723,141.29177657743207,-6.8192074325014005,723.0,kiunga,2.37,75.35,95.0,88.0
724,-38.449245289130374,-44.18806536975886,724.0,rio grande,6.93,78.8,83.0,20.0
725,21.159651275027926,-7.709910463229846,725.0,lucapa,3.71,70.22,87.0,68.0
726,23.193873478244626,-36.95526892787272,726.0,plettenberg bay,4.61,67.47,100.0,48.0
727,28.8446837760371,51.07723098381314,727.0,ovruch,3.27,25.67,79.0,44.0
728,20.426666944980326,-33.3614535718149,728.0,swellendam,2.24,68.0,72.0,32.0
733,-89.55919214528998,47.528074302431094,733.0,thunder bay,6.93,32.0,70.0,20.0
735,104.49641861745818,38.30240103251572,735.0,baiyin,4.47,26.6,53.0,0.0
736,128.88068281077045,64.87172257943695,736.0,sangar,2.93,-19.07,54.0,0.0
737,109.3902003794895,-11.004727318144703,737.0,bambanglipuro,3.94,74.9,99.0,32.0
740,161.27477532740204,-13.533333291562784,740.0,kirakira,22.73,80.34,100.0,92.0
741,103.55145825291032,27.913949863564795,741.0,zhaotong,2.93,44.75,100.0,92.0
743,29.417819142195555,85.17488825673885,743.0,mehamn,7.4,15.27,85.0,68.0
748,-61.51916739781559,-29.796472233803414,748.0,rafaela,3.27,79.04,83.0,48.0
751,75.43471628633841,24.684506574151072,751.0,rampura,6.17,61.94,73.0,0.0
754,141.62179630046307,50.00032314438732,754.0,boshnyakovo,3.27,11.94,92.0,0.0
755,-127.14177679663133,36.11165077862661,755.0,pacifica,5.82,58.12,82.0,90.0
760,-86.74378480002885,-18.413584021595312,760.0,pisco,25.28,75.2,69.0,0.0
761,112.76605457539523,1.508521644603121,761.0,kapit,2.82,72.92,98.0,80.0
763,106.7216922780529,19.04041903651131,763.0,ha tinh,6.85,65.9,100.0,92.0
764,-17.934239521552684,64.47092127634136,764.0,akureyri,3.71,17.6,92.0,90.0
767,97.65635583102079,51.37213935343755,767.0,kungurtug,9.31,29.4,74.0,0.0
768,20.790900762450548,73.75227971157784,768.0,skjervoy,12.75,15.8,78.0,75.0
769,15.010730231043851,-1.5618947577090125,769.0,ewo,1.92,69.14,99.0,92.0
772,148.35766966601324,-20.149877959767934,772.0,bowen,14.99,75.2,73.0,75.0
775,-36.73590607884708,14.754065112594375,775.0,porto novo,6.93,71.6,88.0,40.0
780,65.36450048321717,51.458623941178274,780.0,derzhavinsk,9.53,3.84,79.0,0.0
783,16.43610603950478,-12.626398869529794,783.0,kuito,10.76,61.31,46.0,12.0
784,21.42404870731133,-5.551839575947639,784.0,luebo,2.04,73.46,89.0,44.0
785,-114.28390376148202,32.52384728549369,785.0,fortuna foothills,8.05,69.8,49.0,90.0
786,-78.81909717904067,27.017710171762985,786.0,freeport,5.82,73.4,64.0,90.0
787,173.38721487406536,87.93392163503958,787.0,pevek,6.85,-8.0,95.0,48.0
788,122.00914280643241,14.131293988941124,788.0,alabat,24.29,76.52,92.0,68.0
790,99.17684678037415,53.548640627659324,790.0,orlik,2.04,21.35,87.0,88.0
791,159.7752001987099,-43.99962914367302,791.0,te anau,8.52,62.7,66.0,8.0
793,136.39256704730576,38.17818587233194,793.0,wajima,13.22,45.02,84.0,12.0
798,-91.18647292794645,18.458070946158614,798.0,candelaria,13.87,86.0,48.0,40.0
801,31.483410737413777,65.82629670297561,801.0,pyaozerskiy,5.39,19.05,86.0,56.0
802,-62.51838436663286,80.56212869986925,802.0,narsaq,16.11,28.4,16.0,40.0
804,101.46745198234498,-0.016663741263954535,804.0,sijunjung,1.92,68.6,98.0,76.0
811,119.88977642154782,48.030996907847424,811.0,hailar,7.74,5.33,71.0,24.0
812,-37.815221602400925,-21.0558204600013,812.0,vila velha,4.7,82.4,83.0,20.0
819,103.83848541878268,34.0692649875233,819.0,linxia,2.48,16.4,61.0,0.0
820,41.15086358162972,-7.4783857616929765,820.0,kilindoni,11.54,82.82,100.0,92.0
823,-5.100445607104376,-40.84816806513579,823.0,saldanha,22.73,45.15,96.0,92.0
824,94.62856597267381,74.70333826244905,824.0,talnakh,7.18,-14.43,86.0,64.0
826,118.69574886578727,10.437269884731293,826.0,caruray,17.13,75.57,100.0,92.0
828,-59.384013690036014,-34.17451829980571,828.0,zarate,25.28,75.2,69.0,0.0
833,-67.3224567388395,-8.835058430932676,833.0,boca do acre,3.94,78.77,84.0,68.0
836,-126.53409683112777,60.33604130090106,836.0,fort nelson,4.7,42.8,41.0,20.0
840,-48.86419839296295,-3.2585654010521807,840.0,mocajuba,3.38,76.2,93.0,80.0
842,-5.816272793231207,81.25554921542638,842.0,klaksvik,4.7,35.6,74.0,76.0
846,86.30264146111102,-7.383891430749799,846.0,hambantota,15.9,80.03,100.0,88.0
851,137.55054282434753,2.808845255580323,851.0,biak,4.05,82.5,86.0,8.0
853,-85.77163784301256,32.17373867397126,853.0,tuskegee,6.93,69.49,60.0,40.0
855,-49.37560179303597,81.30560525343856,855.0,upernavik,4.61,-4.4,100.0,48.0
856,86.81957228719597,3.873736395277035,856.0,wattegama,3.27,66.17,95.0,20.0
859,39.358766296534185,24.759761287014214,859.0,umm lajj,5.95,61.85,100.0,0.0
861,173.83230672078946,-34.64130093251343,861.0,kaeo,18.03,67.74,74.0,92.0
864,32.8578944017072,38.99993967796598,864.0,kulu,2.71,71.75,92.0,68.0
869,108.03512482209595,-9.338281448645319,869.0,kawalu,1.36,65.99,91.0,8.0
870,70.22851638756575,42.49320830235291,870.0,aksu,11.18,17.6,92.0,90.0
872,81.03483356686405,-1.4813042106095935,872.0,matara,2.15,48.26,85.0,12.0
873,51.14153310716648,7.446981638879578,873.0,eyl,11.21,69.77,100.0,0.0
875,130.5020088564517,-42.46296461441298,875.0,port lincoln,17.92,70.35,84.0,8.0
876,158.37816173856743,-1.4081072938181762,876.0,kieta,3.94,83.72,94.0,24.0
880,35.47166416405548,-32.54442344342054,880.0,richards bay,13.22,73.55,80.0,44.0
882,124.48977001447571,25.147933442080628,882.0,ishigaki,10.29,64.4,48.0,75.0
886,-8.307246445662145,38.861297824736596,886.0,santo andre,4.72,78.14,90.0,76.0
888,121.14990251506731,17.665624220121614,888.0,conner,3.38,64.55,89.0,80.0
893,67.69876563489555,31.963015349742477,893.0,uruzgan,0.92,36.6,95.0,76.0
894,-11.886694130344779,58.599231171415255,894.0,ballina,10.98,43.35,96.0,8.0
898,80.99886891509124,15.768217387586233,898.0,avanigadda,3.49,71.66,90.0,0.0
903,63.57694151458284,17.513789779821266,903.0,sur,10.42,75.39,90.0,0.0
906,-130.2171951745987,52.6248428801633,906.0,prince rupert,18.34,46.4,70.0,90.0
912,161.040893622243,-1.701967242848312,912.0,buala,15.68,76.02,100.0,92.0
914,82.86791910034219,9.169665206310157,914.0,trincomalee,6.29,78.54,82.0,76.0
916,-135.88470640854322,56.62635993150147,916.0,sitka,4.94,66.17,28.0,0.0
917,-28.572242819903323,-3.489855748605436,917.0,natal,11.41,82.4,74.0,20.0
924,-144.83151593833938,-20.227026248401387,924.0,tautira,5.82,86.0,66.0,75.0
926,139.89681420000562,-7.94400307491415,926.0,merauke,7.52,82.32,95.0,44.0
927,134.4638320401321,-1.479844906007358,927.0,manokwari,3.6,82.32,100.0,20.0
928,50.55663323417937,16.480834622258897,928.0,salalah,3.36,77.0,69.0,75.0
930,-111.8603735864915,34.82323817200438,930.0,sedona,3.36,44.58,87.0,90.0
934,-34.853375332292444,-50.21303599126209,934.0,chuy,9.64,73.28,70.0,0.0
935,69.03562352729102,-46.42014103191408,935.0,souillac,11.41,55.2,76.0,0.0
939,17.923089193636116,-31.04898743411748,939.0,vredendal,2.15,48.62,93.0,0.0
943,17.584214803767992,0.21623621242721924,943.0,mbandaka,2.82,76.16,87.0,36.0
945,111.5777223499087,7.36680088642224,945.0,miri,3.6,62.21,47.0,0.0
953,-106.39528964382666,49.498858938127825,953.0,gravelbourg,5.95,20.09,86.0,0.0
957,132.0509694399584,37.619748877357736,957.0,izumo,6.93,37.4,86.0,75.0
960,103.38762749565745,11.024662822118643,960.0,kampot,6.17,73.28,67.0,0.0
961,-75.93041552406719,2.8061249259578602,961.0,paez,13.87,84.2,54.0,40.0
964,91.514796156886,45.14513022926343,964.0,hami,2.59,33.59,72.0,0.0
970,142.46292485139105,-25.187425657570074,970.0,mount isa,13.87,78.8,65.0,0.0
971,-72.19337620099884,12.466999971462826,971.0,manaure,17.22,93.2,44.0,0.0
972,-107.20334935129452,51.78480838653351,972.0,outlook,6.4,23.69,93.0,0.0
977,53.18206108341576,53.60362809669749,977.0,asekeyevo,4.72,-1.43,69.0,44.0
980,-178.5253648507964,58.85432501718779,980.0,egvekinot,3.6,-6.78,71.0,48.0
981,25.768688237788837,-9.393020963075983,981.0,bukama,3.6,67.79,99.0,80.0
982,44.93943060742916,62.79984077521107,982.0,verkhnyaya toyma,6.51,0.38,75.0,12.0
984,137.87789108957008,64.27040240557037,984.0,khandyga,2.71,-18.71,53.0,12.0
985,132.5050154091224,48.38026227029101,985.0,babstovo,2.71,8.07,60.0,0.0
988,-106.27661362016696,63.05322078982394,988.0,la ronge,4.7,35.6,43.0,75.0
998,-67.5935235896373,-43.338516552639426,998.0,trelew,4.72,56.81,35.0,0.0
1000,33.37593739385744,30.25983857041126,1000.0,suez,2.82,47.09,86.0,8.0
1006,34.03480408001758,87.565251364983,1006.0,berlevag,7.4,15.05,100.0,64.0
1015,-150.01248063194765,64.66282668826244,1015.0,college,0.92,22.96,73.0,1.0
1017,166.92435461728587,-29.179432509784334,1017.0,vao,4.61,30.62,96.0,56.0
1019,87.89400992706578,4.621097029766304,1019.0,kalmunai,3.38,73.14,100.0,92.0
1027,-28.436071776850554,-9.569102643917958,1027.0,olinda,3.36,86.0,66.0,75.0
1035,10.882030144935044,73.17458437563639,1035.0,gravdal,3.36,35.6,64.0,88.0
1044,3.8078129167855934,51.92088849146771,1044.0,goedereede,18.34,49.53,100.0,44.0
1048,-133.36032757615712,60.72686204292481,1048.0,whitehorse,12.75,30.2,54.0,75.0
1050,16.75408524756756,42.14778105212616,1050.0,vieste,10.76,53.34,100.0,0.0
1054,13.283888013210486,66.99677620090486,1054.0,ornes,13.87,49.05,93.0,0.0
1058,109.03111934143413,22.18436960150909,1058.0,qinzhou,5.39,52.4,90.0,0.0
1071,11.904069267099771,5.593441281088843,1071.0,foumban,2.37,63.87,87.0,44.0
1072,-2.2969866179751364,56.05887966798264,1072.0,coldingham,2.24,41.0,100.0,36.0
1074,141.14468684714507,46.5632969791387,1074.0,gornozavodsk,2.93,-10.88,54.0,24.0
1078,155.19260436127092,-35.35698657631525,1078.0,nelson bay,3.36,73.4,60.0,44.0
1084,-10.099810138453762,68.88158175830964,1084.0,hofn,16.13,32.64,100.0,0.0
1094,100.20069988462211,56.19730697638144,1094.0,chunskiy,5.5,14.24,81.0,68.0
1095,51.46745288359324,54.098657094985185,1095.0,isakly,6.17,-6.51,59.0,8.0
1097,166.88404433572356,-6.464653930358324,1097.0,lata,2.59,37.59,57.0,0.0
1098,3.9183473851026633,18.05057513129276,1098.0,kidal,3.83,64.01,32.0,0.0
1099,80.90389211679701,58.1931201141179,1099.0,parabel,4.27,-9.66,69.0,0.0
1107,-54.766308316563865,-35.868164733477386,1107.0,maldonado,6.93,78.8,65.0,0.0
1108,-14.838862910142751,48.18974998251653,1108.0,dingle,12.55,76.7,90.0,36.0
1110,4.199952554004284,-16.563693566045572,1110.0,namibe,7.07,74.45,100.0,56.0
1111,117.0186475566403,13.209654647684502,1111.0,buluang,9.17,78.8,83.0,90.0
1119,117.80040106361423,15.129005580266877,1119.0,palauig,6.17,73.77,91.0,0.0
1120,-85.0351164200618,-10.402522641100944,1120.0,chicama,12.75,69.8,83.0,20.0
1123,-11.241591228584667,21.510234762366935,1123.0,atar,6.4,71.12,29.0,0.0
1124,111.81811106862017,66.73110789093141,1124.0,udachnyy,2.15,-0.98,75.0,56.0
1127,-155.90323360023476,-27.508524544092992,1127.0,avera,3.36,68.43,45.0,75.0
1128,14.739574145786747,33.8334766330598,1128.0,zlitan,10.65,58.34,79.0,0.0
1129,-86.80282080409872,16.712063745240172,1129.0,sandy bay,10.29,66.2,68.0,20.0
1131,-72.57113334046412,54.69211781179837,1131.0,chapais,10.29,28.4,86.0,90.0
1133,106.93171897597102,38.818821309891405,1133.0,shizuishan,1.81,20.81,64.0,0.0
1134,-83.89448156821734,15.909605697168246,1134.0,barra patuca,13.33,79.89,91.0,48.0
1136,102.41209209285279,12.119476261429085,1136.0,trat,3.15,79.17,100.0,0.0
1137,-68.69002412198913,44.28570748726176,1137.0,bucksport,8.05,62.89,36.0,1.0
1138,-76.85233520575008,49.11160475258427,1138.0,senneterre,12.75,24.8,92.0,90.0
1146,9.44848974282533,53.29177113241056,1146.0,zeven,5.82,46.87,87.0,75.0
1149,106.14173907314506,45.68549404647817,1149.0,mandalgovi,6.73,21.12,71.0,0.0
1171,-86.25614659866505,-27.521809025110684,1171.0,coquimbo,10.29,69.8,64.0,0.0
1189,95.27105741058034,63.328052164274396,1189.0,baykit,2.71,-7.37,72.0,44.0
1190,-76.32906321919361,19.863003815186033,1190.0,el cobre,11.41,78.8,69.0,20.0
1192,130.01847640954117,-34.05598223109298,1192.0,flinders,11.41,66.2,68.0,0.0
1196,19.678911922148444,-28.19693188702611,1196.0,karasburg,5.95,52.67,45.0,0.0
1198,-54.85136681784401,-14.361813696466768,1198.0,chapada dos guimaraes,4.7,82.4,74.0,40.0
1200,-84.01863056000938,-14.016069643471099,1200.0,hualmay,4.16,70.35,72.0,12.0
1202,-67.4476333822266,-13.01501532562412,1202.0,santa rosa,15.23,66.08,65.0,0.0
1206,48.55144889476793,62.56666450044648,1206.0,yarensk,2.93,-9.8,52.0,0.0
1208,87.99547985002192,60.65776996641881,1208.0,teguldet,4.61,-9.21,50.0,0.0
1210,124.71252838853758,-16.769242424409185,1210.0,broome,10.29,48.2,100.0,68.0
1218,-78.18895466340932,37.20957595945934,1218.0,bon air,2.59,47.17,57.0,90.0
1219,88.80414608962161,24.439346198466623,1219.0,rajshahi,2.71,60.14,68.0,0.0
1221,8.688279060645527,50.908440504429365,1221.0,wetter,4.7,50.0,93.0,88.0
1227,90.73343863319684,61.37459790345304,1227.0,teya,17.22,86.0,51.0,90.0
1232,70.31136565748201,71.21108139953779,1232.0,yar-sale,10.42,-15.51,70.0,20.0
1235,-7.494918926393723,53.05171195292405,1235.0,mountrath,7.63,41.33,91.0,56.0
1246,75.64142062743994,42.2519084433512,1246.0,kemin,3.15,24.23,77.0,20.0
1252,31.777738584286794,-6.831706899102187,1252.0,inyonga,4.05,62.66,99.0,76.0
1258,56.02679577468268,70.07806244685818,1258.0,iskateley,7.63,-1.88,84.0,64.0
1259,-84.29040685267124,46.70624891866436,1259.0,sault sainte marie,11.41,24.8,58.0,1.0
1271,21.56016938162236,23.78527595281986,1271.0,jalu,2.37,56.99,59.0,0.0
1272,-56.80846722796922,-48.191221266110794,1272.0,rawson,4.72,56.81,35.0,0.0
1273,-59.636620546173404,16.233671627259383,1273.0,saint-francois,13.87,59.0,62.0,0.0
1285,-7.786809494109036,26.7059727639447,1285.0,tiznit,9.08,60.14,100.0,88.0
1293,130.43795636228947,4.348065220407747,1293.0,kloulklubed,5.82,82.4,74.0,75.0
1295,56.78221964891691,48.19185795816418,1295.0,shubarshi,8.41,6.23,72.0,32.0
1297,130.8352177621523,64.72852495827053,1297.0,borogontsy,2.71,-17.72,51.0,0.0
1298,22.063070734704553,-27.425140611062787,1298.0,kathu,6.62,58.97,88.0,24.0
1301,-120.16667811082247,16.89007819060822,1301.0,constitucion,6.93,80.6,13.0,40.0
1303,-162.78287939534985,2.423084109769391,1303.0,lufilufi,12.75,86.0,74.0,75.0
1304,-58.522487975000786,-27.616091364679626,1304.0,corrientes,13.87,91.4,49.0,0.0
1308,8.767138397479357,-11.477844456427874,1308.0,benguela,5.61,73.05,100.0,24.0
1309,86.86023276698023,66.60213891939023,1309.0,igarka,2.59,-6.51,74.0,76.0
1312,95.03794556859447,24.858267510482804,1312.0,phek,2.93,53.52,92.0,0.0
1314,154.44576920800284,-10.455229640190495,1314.0,gizo,3.36,55.4,76.0,20.0
1316,134.74196944755607,-51.89265660453457,1316.0,portland,12.75,60.51,39.0,1.0
1320,-80.11768290992988,26.635662551146396,1320.0,palm springs,6.93,60.71,100.0,90.0
1321,112.53018265319395,-4.307073509684443,1321.0,sampit,4.72,75.57,95.0,32.0
1325,53.91378644102019,29.025206169527053,1325.0,fasa,4.16,60.8,36.0,0.0
1330,116.36531857908722,24.050577350889554,1330.0,chaozhou,4.61,48.2,100.0,0.0
1331,15.085338762266275,32.617794719310524,1331.0,misratah,10.76,58.79,96.0,0.0
1337,165.37015493381296,-15.461196049696724,1337.0,luganville,11.21,85.07,95.0,68.0
1338,93.75613752474868,5.338664976125884,1338.0,banda aceh,6.4,77.06,89.0,48.0
1341,-94.13525898300772,20.90813960587674,1341.0,mundo nuevo,12.75,68.77,56.0,0.0
1342,-31.29295370742912,8.60819058733351,1342.0,sao filipe,18.92,72.47,90.0,12.0
1343,121.71066151010405,16.831254613260214,1343.0,burgos,16.11,44.6,81.0,40.0
1344,158.09891501561282,-12.892341320841837,1344.0,honiara,2.24,77.0,94.0,90.0
1346,-107.60055127060815,37.380324434365676,1346.0,durango,17.22,57.33,16.0,1.0
1349,-167.6308055819908,-30.105149629871775,1349.0,alofi,11.41,84.2,66.0,64.0
1353,18.802119853083326,46.99089172937937,1353.0,perkata,5.82,44.6,100.0,0.0
1354,14.993128476757505,56.04871873741368,1354.0,karlshamn,8.05,31.17,92.0,76.0
1355,97.9396708110504,45.47526931167789,1355.0,hovd,5.82,23.99,92.0,75.0
1359,73.58279909543043,25.04013652551643,1359.0,sadri,6.62,63.69,46.0,0.0
1361,-85.63394574451607,30.631725653101583,1361.0,lynn haven,12.75,66.2,63.0,1.0
1376,-80.52856182582144,26.827665695702393,1376.0,belle glade,4.7,66.87,82.0,75.0
1378,132.53322418193937,-6.700453121614842,1378.0,tual,6.51,84.12,100.0,0.0
1382,-174.9298698714547,-19.83584491472915,1382.0,pangai,10.42,83.36,97.0,44.0
1383,142.42639910397645,38.46355214115289,1383.0,ofunato,4.7,28.4,79.0,20.0
1388,18.95093348502317,-24.65315921626889,1388.0,aranos,8.52,63.56,18.0,0.0
1389,77.34920350782255,13.847189053641955,1389.0,kodigenahalli,2.24,64.4,68.0,0.0
1390,-52.041061055369525,16.47618780887771,1390.0,bathsheba,23.04,78.8,78.0,40.0
1399,127.19067308875543,9.675582891107894,1399.0,cortes,1.7,71.7,100.0,80.0
1400,-111.43549795611592,39.77870257701596,1400.0,payson,9.17,52.74,43.0,1.0
1407,-75.08541255736613,21.698253296759432,1407.0,banes,14.99,78.8,74.0,40.0
1418,31.79669228191966,43.62367905569519,1418.0,zaozerne,7.4,35.48,87.0,92.0
1419,-97.04537822368712,47.08276651862701,1419.0,west fargo,4.7,33.8,74.0,90.0
1420,147.87165270881917,-11.008031403922402,1420.0,port moresby,9.17,77.0,88.0,40.0
1424,110.0558326192949,13.149995313471038,1424.0,tuy hoa,12.21,71.75,98.0,100.0
1426,-78.3901404159095,-1.5153704659656029,1426.0,banos,3.36,50.56,93.0,0.0
1428,140.3619565746959,39.72432333165034,1428.0,akita,3.36,30.2,92.0,75.0
1430,114.31797002296184,64.8015700402828,1430.0,mirnyy,8.63,17.21,89.0,92.0
1435,112.27504808279485,36.36753796918947,1435.0,xinzhi,5.82,57.7,77.0,20.0
1442,161.29596501679384,51.804738464693514,1442.0,petropavlovsk-kamchatskiy,15.66,26.6,49.0,64.0
1443,37.4576175664466,46.90540385502376,1443.0,yalta,2.26,32.33,98.0,88.0
1444,40.93247209278687,-4.875016395598209,1444.0,micheweni,11.21,82.19,100.0,64.0
1450,122.48925213807382,34.98957185472973,1450.0,yatou,3.36,82.4,83.0,75.0
1453,-57.97582138064169,65.12149346548682,1453.0,sisimiut,2.59,-11.87,56.0,32.0
1457,147.2907526601723,-20.004288041029596,1457.0,ayr,11.21,42.6,93.0,40.0
1465,-115.62046560224326,33.37341944594695,1465.0,brawley,9.17,70.7,52.0,90.0
1466,-45.50083008150361,10.004669691152344,1466.0,cayenne,7.4,77.0,83.0,20.0
1468,-5.080280013446014,50.738921133190786,1468.0,bodmin,14.99,48.2,93.0,0.0
1469,122.31642032260481,44.12405581072815,1469.0,tongliao,2.71,13.2,59.0,0.0
1470,-80.01890080913044,51.61065960090221,1470.0,moose factory,9.17,19.4,79.0,90.0
1472,-110.46521880776241,39.11471644968958,1472.0,price,10.29,57.2,14.0,1.0
1478,111.90103004453533,-3.146425693258095,1478.0,pangkalanbuun,4.16,74.67,100.0,56.0
1492,75.87884400905574,46.0291973563879,1492.0,balkhash,16.35,40.92,82.0,88.0
1495,42.88827864452213,-9.053485364162782,1495.0,mitsamiouli,2.37,78.99,100.0,68.0
1498,40.62205158493211,-12.544005835157236,1498.0,pemba,3.27,76.61,100.0,92.0
1501,111.4213630860582,18.35071402975244,1501.0,wanning,2.24,41.0,86.0,75.0
1505,-61.78785377944017,-9.539940892438466,1505.0,jaru,2.04,76.92,92.0,0.0
1515,-20.98053666278085,16.68123464787456,1515.0,santa maria,2.24,84.2,54.0,0.0
1523,-15.202099004882655,25.578574224586063,1523.0,aguimes,16.11,64.4,72.0,20.0
1535,14.948767642617128,29.586106822270693,1535.0,hun,8.05,50.76,100.0,76.0
1536,138.1648524699333,-33.164003291052445,1536.0,port pirie,18.34,75.2,78.0,0.0
1540,114.82745988670388,-0.6343500342892696,1540.0,amuntai,2.59,73.28,100.0,92.0
1543,69.19910740981649,50.1775452592326,1543.0,atbasar,9.53,6.77,84.0,44.0
1546,37.51470060552427,58.682222565384876,1546.0,vesyegonsk,10.87,16.22,83.0,88.0
1549,-1.8744575115711086,59.29262930104289,1549.0,sandwick,12.75,42.8,100.0,92.0
1551,-18.582042134322535,36.36627408579423,1551.0,camacha,19.46,60.55,63.0,40.0
1552,145.0590548980323,60.878761506880096,1552.0,okhotsk,4.94,7.76,90.0,48.0
1558,-59.67616217058199,-35.68363186872496,1558.0,veinticinco de mayo,5.06,76.29,59.0,0.0
1564,6.657434243486307,65.12578464742546,1564.0,bud,8.05,30.25,86.0,0.0
1569,-77.55323292254936,1.1000639260696943,1569.0,guaitarilla,8.05,63.91,81.0,90.0
1570,-54.178022051746,9.735730177954267,1570.0,marienburg,8.05,53.15,76.0,0.0
1578,75.94635125151962,64.3997374046356,1578.0,gubkinskiy,9.75,-10.56,72.0,56.0
1580,100.0943787316329,67.99586994528971,1580.0,tura,6.62,57.84,96.0,12.0
1583,48.170616278108895,19.427792544238542,1583.0,najran,2.93,64.4,16.0,0.0
1589,-115.26894120790732,53.79652608280992,1589.0,whitecourt,4.7,44.6,33.0,20.0
1590,-45.031165000242595,67.37605795942994,1590.0,qasigiannguit,11.41,3.2,41.0,76.0
1592,-42.83306455267564,-16.083012650807376,1592.0,porteirinha,1.36,69.09,98.0,76.0
1593,97.17857659206226,20.025718373502613,1593.0,loikaw,2.48,60.14,100.0,92.0
1595,56.475130868706316,56.11017932464779,1595.0,askino,7.63,-2.55,72.0,0.0
1596,-18.992320057659015,55.58896603110537,1596.0,vestmannaeyjar,13.78,27.87,100.0,0.0
1603,-105.6685128188185,40.021127793792516,1603.0,boulder,21.92,47.62,25.0,75.0
1605,122.38596167585797,33.45507789049975,1605.0,juegang,7.29,44.21,89.0,32.0
1607,13.550445078401907,12.351065692638429,1607.0,maiduguri,3.15,68.51,56.0,0.0
1610,31.627090562997807,-15.399623828538552,1610.0,nyimba,3.38,69.86,97.0,92.0
1611,49.84303319517909,-9.891459982706792,1611.0,ambilobe,3.27,70.17,99.0,20.0
1613,-75.71581932466881,19.336684219738302,1613.0,santiago de cuba,11.41,80.8,69.0,20.0
1615,5.858673357326182,-24.649358006818375,1615.0,henties bay,1.81,59.64,100.0,0.0
1624,-154.74269677978612,27.38704982307884,1624.0,kailua,17.22,76.23,56.0,75.0
1628,-71.94562102235508,5.361183769615948,1628.0,villanueva,6.93,91.4,49.0,20.0
1630,113.32074943150957,43.616153202599236,1630.0,erenhot,10.98,26.57,63.0,0.0
1636,9.084867657871598,9.120351833562381,1636.0,jos,2.71,58.65,55.0,0.0
1637,130.11776875864098,37.67334167942448,1637.0,seoul,3.36,36.66,93.0,75.0
1638,-71.08708970521522,33.78829295030634,1638.0,elizabeth city,3.36,47.37,75.0,90.0
1641,25.47610126027419,-32.59627711711443,1641.0,somerset east,3.83,55.19,88.0,32.0
1644,11.450854672856849,43.15169361395945,1644.0,siena,2.24,54.34,100.0,75.0
1650,58.05775013345763,67.83556789234709,1650.0,usinsk,3.15,-2.46,74.0,68.0
1651,131.31920902818126,16.043084577525647,1651.0,san policarpo,17.92,78.09,100.0,92.0
1652,175.76034557448656,87.64687873618931,1652.0,leningradskiy,3.6,-4.94,100.0,56.0
1656,109.41574172474384,60.80128692996698,1656.0,yerbogachen,4.61,1.64,77.0,68.0
1657,-52.53544380344404,-28.680256177654627,1657.0,soledade,14.99,77.0,78.0,40.0
1659,157.15520114007518,7.227888705919014,1659.0,kavieng,9.75,83.36,100.0,92.0
1664,131.65272213638605,-2.9310118205359714,1664.0,sorong,5.17,82.77,100.0,32.0
1668,147.33361932096022,-27.976511965677517,1668.0,roma,1.12,54.84,81.0,40.0
1669,-0.6062582046807563,4.173668111987396,1669.0,mumford,6.96,79.22,87.0,0.0
1670,75.23484192552289,50.975132785832386,1670.0,ekibastuz,9.31,16.4,91.0,92.0
1672,3.0099785848923943,40.19673938698435,1672.0,alcudia,2.24,57.2,93.0,20.0
1682,-83.48475475299898,29.94242014372736,1682.0,lake city,8.05,46.2,28.0,40.0
1691,117.4066695059011,41.03509955875256,1691.0,chengde,2.37,21.98,77.0,0.0
1693,-113.02698252824014,47.032561283381995,1693.0,anaconda,8.05,37.4,29.0,1.0
1698,131.8139820309642,-23.795150147344174,1698.0,yulara,9.17,73.4,69.0,32.0
1699,-57.17729842501598,-42.75407154916381,1699.0,necochea,8.08,61.22,100.0,92.0
1700,-131.41014007417849,38.811109173873376,1700.0,fortuna,5.82,62.6,59.0,0.0
1706,126.76324917393873,51.71020518472949,1706.0,sivaki,6.29,4.47,60.0,0.0
1715,151.80158762948503,-23.630391664902945,1715.0,gladstone,14.67,77.37,83.0,0.0
1720,45.42123862397489,33.27907532962077,1720.0,mandali,4.38,55.1,68.0,64.0
1723,42.74921621881916,6.138197300834591,1723.0,ginir,2.59,47.67,58.0,0.0
1726,-88.71500265567965,-10.674174109832379,1726.0,sechura,12.55,78.27,73.0,0.0
1737,156.94691131165956,58.49189733598672,1737.0,tigil,20.83,19.91,82.0,32.0
1739,-57.897745105639345,-34.1370055177371,1739.0,colonia,2.24,42.8,87.0,90.0
1744,87.84083588141635,27.754305193649216,1744.0,gezing,10.29,46.4,65.0,20.0
1745,-56.092721242807684,-23.271624449715617,1745.0,tacuati,3.38,81.02,85.0,44.0
1746,93.13081399190781,49.693508885598504,1746.0,ulaangom,11.99,35.12,63.0,0.0
1747,19.85451215484403,-17.38020260159479,1747.0,rundu,2.71,63.69,91.0,0.0
1751,144.21419001646427,-36.61683586573094,1751.0,bendigo,4.16,74.45,86.0,0.0
1758,-45.21740079241681,-22.284006427912388,1758.0,sao lourenco,20.8,56.46,82.0,40.0
1759,142.40588219085987,-3.899312457489472,1759.0,ambunti,2.93,80.07,93.0,24.0
1763,-24.23967403688252,40.59815326733087,1763.0,rabo de peixe,19.46,57.2,71.0,40.0
1765,166.03543610042124,58.51683317356765,1765.0,tilichiki,3.38,26.03,89.0,80.0
1766,117.72324900316403,29.811105477293893,1766.0,wucheng,2.15,41.51,76.0,0.0
1770,155.2284336114916,-32.91581803446167,1770.0,port macquarie,8.05,73.4,56.0,75.0
1773,56.845910924046564,39.46868529567368,1773.0,baherden,1.7,42.23,91.0,0.0
1774,-116.61951328408132,59.00968416094284,1774.0,high level,4.7,46.4,28.0,20.0
1779,15.645288341631357,-29.605221094043635,1779.0,oranjemund,10.98,62.7,97.0,20.0
1780,-65.98246681960202,45.607899830659704,1780.0,hampton,5.82,62.6,82.0,40.0
1782,147.30096192908968,44.7155183312297,1782.0,kurilsk,8.41,22.07,100.0,12.0
1783,57.998283610761774,55.57857104761624,1783.0,duvan,2.71,-3.18,74.0,0.0
1785,-73.98242348405448,-48.22064614291482,1785.0,coihaique,4.7,53.33,66.0,90.0
1788,-45.79888827712679,-8.257273512619705,1788.0,balsas,3.71,73.46,90.0,36.0
1796,-118.94535959544123,44.78638643068717,1796.0,pendleton,3.36,54.54,100.0,90.0
1801,176.2338200700077,-44.39485946233796,1801.0,waipawa,5.5,61.4,84.0,0.0
1803,110.64681304179408,-4.664865322272718,1803.0,mlonggo,3.83,75.44,100.0,88.0
1808,105.31426438938917,14.352026004662065,1808.0,det udom,8.19,64.4,88.0,0.0
1813,140.02497133552816,-46.1799014713427,1813.0,burnie,17.25,65.49,98.0,0.0
1814,5.3645700066504105,-9.26279541891752,1814.0,soyo,4.05,76.02,93.0,24.0
1815,-71.92151515613382,30.466817056323194,1815.0,marsh harbour,13.89,72.29,100.0,88.0
1818,-72.58793175552928,16.770238098544098,1818.0,jacmel,11.41,86.0,51.0,20.0
1823,11.234709518475341,63.341233296397405,1823.0,hegra,5.82,28.4,92.0,75.0
1824,122.83470548373907,30.303091834469512,1824.0,shenjiamen,11.1,50.1,90.0,0.0
1830,-84.63217314451657,-0.011448427419495033,1830.0,manta,2.59,36.56,85.0,80.0
1831,-62.69670670785462,-32.759956837323614,1831.0,bell ville,17.81,69.72,96.0,76.0
1832,3.2995140361451263,2.66281912695608,1832.0,yenagoa,6.17,77.15,92.0,8.0
1833,37.23589498997046,-2.1154158019776617,1833.0,konza,4.7,64.08,82.0,75.0
1836,30.298674467062597,32.6462600872476,1836.0,rosetta,10.29,60.8,67.0,40.0
1838,160.99484910189068,59.17067564567276,1838.0,palana,12.33,19.91,68.0,76.0
1840,-45.4304134338164,-43.44793322763756,1840.0,rocha,5.39,72.15,58.0,36.0
1844,-112.60825429857171,36.73200379874527,1844.0,hurricane,3.15,58.42,25.0,1.0
1851,124.00675508882154,18.08760262311651,1851.0,dicabisagan,12.77,72.38,100.0,88.0
1853,-55.38083004203121,4.198376676101461,1853.0,brokopondo,9.17,80.6,69.0,20.0
1855,142.44420179330024,24.534376317132896,1855.0,shimoda,2.93,51.05,100.0,76.0
1869,127.25304754783298,6.724577805933819,1869.0,san ignacio,9.17,66.2,39.0,0.0
1872,76.41095618380535,52.93757786488655,1872.0,kachiry,11.21,12.89,89.0,92.0
1875,27.757872157554175,-31.84000478147879,1875.0,elliot,2.26,44.93,88.0,24.0
1876,-126.24778269932224,52.40219148335299,1876.0,burns lake,2.82,35.66,60.0,0.0
1878,-14.781653758640402,57.544090519436395,1878.0,westport,11.65,44.66,94.0,8.0
1881,143.88976217105795,-29.648964207467458,1881.0,broken hill,4.72,83.63,27.0,0.0
1882,19.951080554562623,-31.641526872872262,1882.0,calvinia,2.71,51.77,84.0,24.0
1888,58.42778941565899,59.246174705149,1888.0,severnyy-kospashskiy,2.93,-8.9,65.0,12.0
1889,123.19464592051588,56.28433128662954,1889.0,neryungri,2.82,-8.9,59.0,0.0
1892,9.020471434060198,61.46920353829307,1892.0,vagamo,1.92,3.71,71.0,32.0
1893,122.32057199888607,61.24242024735608,1893.0,vilyuysk,3.71,-11.69,75.0,56.0
1895,27.9136542142202,-11.669258572247884,1895.0,lubumbashi,3.38,64.01,99.0,92.0
1899,-62.55477033916847,57.0357104136246,1899.0,havre-saint-pierre,14.99,30.2,100.0,90.0
1900,142.09621661360205,-0.16194641504914387,1900.0,vanimo,13.11,82.05,100.0,44.0
1904,93.62590847569152,-20.366506589366907,1904.0,labuhan,1.7,73.95,94.0,64.0
1906,-70.71014038686538,-30.71063868594996,1906.0,monte patria,0.58,55.37,92.0,0.0
1907,-54.26097829561682,6.7374194362701445,1907.0,moengo,5.73,78.68,67.0,0.0
1919,-69.98185665478242,12.389675695663584,1919.0,oranjestad,26.4,80.6,78.0,20.0
1920,49.94353084705125,50.04789675551095,1920.0,ozinki,8.19,1.95,69.0,0.0
1930,78.18055581215975,45.202591758922125,1930.0,ushtobe,7.4,51.77,72.0,76.0
1942,115.15909985000735,48.64940752959072,1942.0,nizhniy tsasuchey,12.55,14.42,78.0,0.0
1957,-28.843638227070812,-5.241674530363866,1957.0,cabedelo,10.29,80.6,69.0,20.0
1961,-60.38530631846686,-14.038737283709764,1961.0,vilhena,4.7,69.8,100.0,90.0
1967,2.2137419115118178,12.126102616539171,1967.0,diapaga,2.37,73.37,51.0,0.0
1968,65.43591733122952,40.745282755038744,1968.0,nurota,12.75,50.0,87.0,75.0
1972,102.98279957161782,30.589332111909243,1972.0,linqiong,1.25,53.6,87.0,40.0
1977,-17.23265985440804,4.910080570155856,1977.0,goderich,9.64,24.99,84.0,24.0
1992,65.83492045389377,48.79568165691708,1992.0,zhezkazgan,17.9,21.2,92.0,90.0
